{"武汉": [114.31158155473231, 30.598466736400987], "黄冈": [114.87849048410779, 30.4593588576181], "孝感": [113.92251007733665, 30.930689227018295], "荆门": [112.20639298023002, 31.041732575569622], "恩施州": [109.49459261857503, 30.277939575301094], "荆州": [112.24552262926137, 30.340842107742912], "仙桃": [113.44960935856369, 30.33358775114635], "十堰": [110.80452956069568, 32.63506185840116], "随州": [113.38945001822157, 31.6965167723283], "天门": [113.17240916632808, 30.669621830099477], "宜昌": [111.29254921035434, 30.697446484492378], "鄂州": [114.90160738827099, 30.39657217331699], "深圳": [114.06455183658751, 22.548456637984177], "广州": [113.27143134445974, 23.135336306695006], "珠海": [113.58255478654918, 22.27656465424921], "佛山": [113.12851219549718, 23.02775875078891], "惠州": [114.4235580165817, 23.116358854725593], "阳江": [111.98848929181268, 21.864339726138933], "韶关": [113.60352734562261, 24.815881278583017], "湛江": [110.36555441392824, 21.276723439012073], "中山": [113.39942236263188, 22.5223146707905], "肇庆": [112.47148894063035, 23.052888771125616], "清远": [113.06246832527266, 23.688230292088083], "东莞": [113.75842045787648, 23.02730841164339], "汕头": [116.68852864054833, 23.35909171772515], "台州": [121.42743470427969, 28.66219405599615], "杭州": [120.21551180372168, 30.25308298169347], "温州": [120.70647689035565, 28.00108540447221], "宁波": [121.62857249434141, 29.866033045866054], "绍兴": [120.58547847885335, 30.0363693113069], "嘉兴": [120.76355182586005, 30.750974830920143], "舟山": [122.21355631852045, 29.99091168016034], "金华": [119.65343619052916, 29.084639385513697], "衢州": [118.86659674035565, 28.975545802265025], "万州区": [108.41555837050288, 30.813621636707666], "长寿区": [107.08753107006804, 29.863520067323154], "开州区": [108.39949765612053, 31.16664411319345], "巫山县": [109.8855455070308, 31.080518811735914], "永川区": [105.93349936145171, 29.362046335949085], "九龙坡区": [106.51755873943073, 29.50792771555286], "忠县": [108.04453753385525, 30.305268389356584], "两江新区": [106.57258156884862, 29.68005454434884], "石柱县": [108.12041416638326, 30.006108697868918], "垫江县": [107.33956587471806, 30.333293968500094], "大渡口区": [106.48853359010742, 29.490107128556012], "渝北区": [106.6375590606026, 29.723927343006626], "云阳县": [108.70344750000172, 30.93661127197471], "巫溪县": [109.57640255899645, 31.404880009858267], "合川区": [106.28254108757974, 29.978181239534244], "璧山区": [106.23347456267436, 29.598346607316348], "涪陵区": [107.39641979754104, 29.70927819797873], "奉节县": [109.47047275630993, 31.024601766549154], "秀山县": [109.01357389980959, 28.45344786428608], "梁平区": [107.77609725763075, 30.66055325502347], "城口县": [108.67161164255864, 31.953390746292587], "丰都县": [107.73748061819887, 29.86941278921405], "长沙": [112.94547319535287, 28.23488939994364], "怀化": [110.00851426537254, 27.575160902978517], "岳阳": [113.13548942422142, 29.3631782939259], "娄底": [112.00150349288418, 27.703208596991583], "永州": [111.61945505792227, 26.425864117900094], "益阳": [112.36151595471031, 28.559711178489888], "衡阳": [112.57844721325992, 26.899576139189122], "常德": [111.70545217995837, 29.037749999406877], "湘潭": [112.95046418076468, 27.835702227135585], "邵阳": [111.474432885931, 27.245270272808565], "郴州": [113.02146049909462, 25.776683273601865], "株洲": [113.14047079776427, 27.833567639016444], "合肥": [117.23344266497664, 31.826577833686887], "阜阳": [115.82043612491321, 32.89606099485221], "亳州": [115.7844632112745, 33.850642695788835], "安庆": [117.06360390491879, 30.53095656804304], "马鞍山": [118.5135795794315, 31.676265597609103], "铜陵": [117.81847679445747, 30.95123323991339], "六安": [116.52640966418569, 31.741450815322555], "滁州": [118.33940613596579, 32.26127087204081], "池州": [117.49842096159624, 30.670883790764535], "蚌埠": [117.39551332813694, 32.921523704350825], "芜湖": [118.43943137653523, 31.358536655799266], "外地来京人员": [117.02338513454245, 25.996026557034824], "海淀": [116.3054340544974, 39.96548984110075], "朝阳": [120.45749949793277, 41.57982086475567], "西城": [116.37251358116619, 39.91812360584148], "昌平": [116.23761791731043, 40.22641337159427], "大兴": [116.348625212231, 39.73255523655448], "丰台": [116.29240188731139, 39.8649371975573], "通州": [121.08142549497644, 32.07035573967588], "石景山": [116.22961266775826, 39.911353808778294], "顺义": [116.66142426369096, 40.13635076223076], "南阳": [112.53450131351325, 32.99656220465144], "郑州": [113.63141920733915, 34.75343885045448], "信阳": [114.09748283304512, 32.15301454753105], "周口": [114.70348251482332, 33.6318288757022], "巩义": [113.02843100495258, 34.754096888696935], "驻马店": [114.02847078173271, 33.01784241674367], "洛阳": [112.4594212983115, 34.62426277921943], "三门峡": [111.2065332238741, 34.778327249459984], "新乡": [113.93360046733228, 35.3096399303368], "平顶山": [113.19952856052156, 33.772050748691015], "固始县": [115.66048788818134, 32.17417437962212], "成都": [104.08153351042463, 30.655821878416408], "广安": [106.63955268233484, 30.461746110678995], "绵阳": [104.6855618607612, 31.473663048745863], "遂宁": [105.5994215306444, 30.53909767110912], "达州": [107.47459385897544, 31.214307723927455], "德阳": [104.40441936496448, 31.133115003656755], "雅安": [103.04954262360451, 30.01679254570607], "自贡": [104.78444884671711, 29.345584921327575], "泸州": [105.4485240693266, 28.87766830360723], "内江": [105.06458802499718, 29.58588653832045], "青岛": [120.38945519114627, 36.072227496663224], "威海": [122.12754097831325, 37.5164305480148], "临沂": [118.36353300501388, 35.11067124236514], "日照": [119.53341540456555, 35.42283899843767], "济南": [117.12639941261048, 36.65655420178723], "烟台": [121.45441541730195, 37.470038383730525], "济宁": [116.59361234853988, 35.420177394529645], "潍坊": [119.16837791142822, 36.71265155126753], "德州": [116.36555674397471, 37.441308454576266], "聊城": [115.99158784830443, 36.46275818769411], "滨州": [117.9774040171467, 37.3881961960769], "菏泽": [115.48754503343376, 35.23940742476551], "北海": [109.126533212566, 21.48683649576942], "桂林": [110.20354537457943, 25.242885724872647], "柳州": [109.43442194634564, 24.331961386852413], "河池": [108.09149994498661, 24.698911731272894], "防城港": [108.360418838298, 21.6930052899694], "梧州": [111.28551681182014, 23.48274528113516], "百色": [106.62458932565383, 23.908185934295958], "玉林": [110.1884531233724, 22.659830509953142], "抚州": [116.36453876864373, 27.954892253419565], "南昌": [115.86458944231661, 28.68945529506072], "九江": [116.00753491163063, 29.711340559079343], "赣州": [114.9405033729825, 25.835176103497655], "上饶": [117.94945960312224, 28.460625921851733], "萍乡": [113.8614964337543, 27.6283927093972], "新余": [114.9235346513963, 27.823578697788587], "吉安": [115.00051072001253, 27.119726826070448], "景德镇": [117.18457644638579, 29.274247711040953], "宜春": [114.4235636759064, 27.820856421848216], "常州": [119.98148471327892, 31.815795653327836], "南京": [118.80242172124585, 32.06465288561847], "苏州": [120.59241222959322, 31.303564074441766], "连云港": [119.22862133316607, 34.60224952526725], "扬州": [119.41941890822997, 32.40067693609037], "南通": [120.90159173866185, 31.98654943120089], "无锡": [120.31858328810601, 31.498809732685714], "盐城": [120.167544265761, 33.355100917626196], "宿迁": [118.28157403570837, 33.96774971569008], "三亚": [109.51855670139908, 18.258736291747855], "万宁": [110.39943436554806, 18.800106988303387], "海口": [110.32552547126409, 20.04404943925674], "儋州": [109.58745583568611, 19.527146110044196], "临高县": [109.69744301483321, 19.919474770278047], "沈阳": [123.47109664482264, 41.68383006919066], "大连": [121.62163148459285, 38.9189536667856], "铁岭": [123.73236520917769, 42.22994799718447], "葫芦岛": [120.8433983399283, 40.71736443636189], "本溪": [123.69250712420832, 41.49291646055291], "福州": [119.30346983854001, 26.080429420698078], "厦门": [118.09643549976651, 24.485406605176305], "泉州": [118.68244626680422, 24.879952330498313], "宁德": [119.55451074542829, 26.672241711408567], "哈尔滨": [126.54161509031663, 45.808825827952184], "牡丹江": [129.6395397783469, 44.55624570898632], "大庆": [125.10865763402039, 46.59363317672175], "绥化": [126.97535687530133, 46.6600321798244], "石家庄": [114.52153190157445, 38.0483119268727],